{"intents":[
  { "tag": "saudacao",
    "patterns":["Olá","Opa","Oi", "tudo bem" ,"Eai", "Salve", "Joia"],
    "responses": ["Oi","Olá"]
  },
  { "tag": "despedida",
    "patterns":["valeu","tchau","Obrigado","tks"],
    "responses": ["Até breve","Falou"]
  },
  { "tag": "pipe",
    "patterns":["1", "O que é o PIPE?","PIPE?", "SOBRE O PIPE"],
    "responses": ["\nO PIPE-FAPESP apoia a execução de pesquisa científica e/ou tecnológica em micro, pequenas e médias empresas no Estado de São Paulo."]
  },
  { "tag": "menu",
    "patterns":["menu", "gostaria", "sim" ,"quero"],
    "responses":["\nPosso falar sobre: 1- O que é o PIPE?  2- Objetivos do PIPE  3- Como submeter um Projeto?   4- Fases do PIPE  5- Quando posso submeter meu projeto?   6- Áreas   7- Posso desenvolver a pesquisa na Faculdade?   8- Quem avalia os projetos?   9-Mais informações"]
  },
  { "tag": "objetivo",
    "patterns":["2", "gostaria", "objetivo"],
    "responses":["\nPromover pesquisa em ciência e tecnologia para impulsionar inovação, desenvolvimento empresarial e competitividade das pequenas empresas. Ampliar o impacto da pesquisa no desenvolvimento econômico e social, Estimular o aumento do investimento privado em pesquisa tecnológica, Facilitar parcerias entre empresas e pesquisadores acadêmicos em projetos de inovação tecnológica, Fomentar a criação e crescimento de centros de desenvolvimento tecnológico nas empresas e a inserção de pesquisadores no mercado de trabalho.\n"]
  },
  { "tag": "proposta",
    "patterns":["3", "submeter projeto", "enviar projeto","enviar proposta"],
    "responses":["\nTodas as propostas devem ser submetidas à FAPESP através do Sistema de Apoio à Gestão (SAGe).Para a criação de uma proposta devem ser observadas as normas da modalidade de apoio correspondente, disponíveis em Bolsas, Auxílios e Programas.Instruções detalhadas sobre o uso do SAGe podem ser obtidas nos manuais de apoio disponíveis no link “Manuais”, dentro do próprio sistema."]
  },
  { "tag": "fase",
    "patterns":["4", "fases do pipe", "fases","3 fases do pipe"],
    "responses":["\nFase 1: Verifica viabilidade técnica e científica da proposta (até 9 meses, R$ 300.000, mais Reserva Técnica e Benefícios Complementares).Fase 2: Executa a pesquisa propriamente dita (até 24 meses R$ 1.500.000, mais Reserva Técnica e Benefícios Complementares). PIPE Invest: Acelera chegada ao mercado de Projetos da Fase 2, com terceira parte interessada (até 24 meses, R$ 1.500.000). Fase 3: Desenvolve comercial e industrial dos produtos, processos, sistemas e/ou serviços inovadores obtidos de pesquisas anteriores pela pequena empresa ou com apoio do PIPE."
    ]
  },
  { "tag": "quando",
    "patterns":["5", "quando submeter", "quando","até quando"],
    "responses":["\nAs propostas para o PIPE Fase 1, Fase 2 e PIPE Invest são recebidas em fluxo contínuo durante todo o ano."
    ]
  },
  { "tag": "area",
    "patterns":["6", "Áreas", "areas especificas", "areas prioritárias"],
    "responses":["\nNão há áreas prioritárias. O PIPE visa a apoiar pesquisas promissoras, com potencial de inovação, em qualquer área do conhecimento."
    ]
  },
  { "tag": "onde",
    "patterns":["7", "onde", "lugar", "onde realizar o projeto", "posso fazer a pesquisa na faculdade?"],
    "responses":["\nNão. A pesquisa deve ser desenvolvida na empresa. Eventualmente, algumas atividades específicas da pesquisa podem ser sub-contratadas de laboratórios de universidades ou de consultores acadêmicos desde que muito bem justificadas e não se constituam na parte central da pesquisa."
    ]
  },
  { "tag": "avaliacao",
    "patterns":["8", "quem", "avalia", "avaliação"],
    "responses":["\nA FAPESP seleciona especialistas das áreas de conhecimento envolvidas no projeto para avaliá-lo. Projetos PIPE Fase 1 são avaliados por pelo menos dois assessores e projetos Fase 2 são avaliados por pelo menos 3 assessores. A identidade dos assessores é mantida em confidencialidade pela FAPESP, como faz a maior parte das agências de financiamento à pesquisa no mundo. Os assessores emitem pareceres e a FAPESP os reúne em comitês de avaliação que debatem cada caso e elaboram um novo parecer sobre cada projeto. Com base em todos esses pareceres e em uma entrevista com os proponentes, a Coordenação de Área e a Coordenação Adjunta de Pesquisa para Inovação fazem uma recomendação final à Diretoria Científica que emite a decisão final."
    ]
  },
  { "tag": "info",
    "patterns":["9", "mais", "informações", "infos"],
    "responses":["\nO site fapesp.br/pipe apresenta em detalhes o programa, incluindo o texto completo das normas e as chamadas vigentes. Adicionalmente, de forma periódica, acontece o evento “Diálogo sobre Apoio à Pesquisa para Inovação na Pequena Empresa” no qual o programa PIPE é apresentado e os membros da coordenação tiram dúvidas dos participantes (veja as próximas datas no site do PIPE)."
    ]
  }
]
}